URL,Date,Date-GMT,Likes,Comments,Caption,Hashtags,Location_ID,Location_Name,lat,lng,Original_Photo, Standard_Resolution_Photo_640, Low_Resolution_Photo_320, Thumbnail_Photo_150,username,Full_Name,User_ID,Profile_Picture 
https://www.instagram.com/p/BVGM9i-jtj6/,1496964254,Jun 08 2017 18:24:14,2514,54,"Paws up bc tomorrow is my BIRTHDAY! 🎉🎈#tbt #winnieturns2","tbt,winnieturns2",,,,,https://scontent.cdninstagram.com/t51.2885-15/e35/18948043_1271793896270762_8640434619897872384_n.jpg,https://scontent.cdninstagram.com/t51.2885-15/s640x640/sh0.08/e35/18948043_1271793896270762_8640434619897872384_n.jpg,https://scontent.cdninstagram.com/t51.2885-15/s320x320/e35/18948043_1271793896270762_8640434619897872384_n.jpg,https://scontent.cdninstagram.com/t51.2885-15/s150x150/e35/18948043_1271793896270762_8640434619897872384_n.jpg,winnie_the_frenchiepooh,"Winnie 👑",2016693539,https://scontent.cdninstagram.com/t51.2885-19/s150x150/14295518_324325427916143_1819492156_a.jpg
https://www.instagram.com/p/BUiBC5Fj4MH/,1495750046,May 25 2017 17:07:26,2572,23,"Embracing the potato body since  6.9.15 🥔🥔🥔#tbt","tbt",,,,,https://scontent.cdninstagram.com/t51.2885-15/e35/18645874_294112354381064_3636881390315765760_n.jpg,https://scontent.cdninstagram.com/t51.2885-15/sh0.08/e35/p640x640/18645874_294112354381064_3636881390315765760_n.jpg,https://scontent.cdninstagram.com/t51.2885-15/e35/p320x320/18645874_294112354381064_3636881390315765760_n.jpg,https://scontent.cdninstagram.com/t51.2885-15/s150x150/e35/c0.135.1080.1080/18645874_294112354381064_3636881390315765760_n.jpg,winnie_the_frenchiepooh,"Winnie 👑",2016693539,https://scontent.cdninstagram.com/t51.2885-19/s150x150/14295518_324325427916143_1819492156_a.jpg
https://www.instagram.com/p/BTsAb46DodR/,1493937787,May 04 2017 17:43:07,2747,85,"You're boring me, byeee ✌️ #tbt","tbt",,,,,https://scontent.cdninstagram.com/t51.2885-15/e15/18252997_1329084533853115_8734230147227451392_n.jpg,https://scontent.cdninstagram.com/t51.2885-15/s640x640/e15/18252997_1329084533853115_8734230147227451392_n.jpg,https://scontent.cdninstagram.com/t51.2885-15/s320x320/e15/18252997_1329084533853115_8734230147227451392_n.jpg,https://scontent.cdninstagram.com/t51.2885-15/s150x150/e15/18252997_1329084533853115_8734230147227451392_n.jpg,winnie_the_frenchiepooh,"Winnie 👑",2016693539,https://scontent.cdninstagram.com/t51.2885-19/s150x150/14295518_324325427916143_1819492156_a.jpg
https://www.instagram.com/p/BSkGtC1jMZU/,1491525155,Apr 06 2017 19:32:35,2617,56,"Here comes Winnie - Rex! 😱#tbt","tbt",,,,,https://scontent.cdninstagram.com/t51.2885-15/e15/17818330_240772053058175_1553878898079432704_n.jpg,https://scontent.cdninstagram.com/t51.2885-15/e15/17818330_240772053058175_1553878898079432704_n.jpg,https://scontent.cdninstagram.com/t51.2885-15/s320x320/e15/17818330_240772053058175_1553878898079432704_n.jpg,https://scontent.cdninstagram.com/t51.2885-15/s150x150/e15/17818330_240772053058175_1553878898079432704_n.jpg,winnie_the_frenchiepooh,"Winnie 👑",2016693539,https://scontent.cdninstagram.com/t51.2885-19/s150x150/14295518_324325427916143_1819492156_a.jpg
https://www.instagram.com/p/BSR8m2-D-W7/,1490915881,Mar 30 2017 18:18:01,2991,71,"Bebe 💛s tickles #tbt","tbt",,,,,https://scontent.cdninstagram.com/t51.2885-15/e15/17662308_212714585880816_8460254552782798848_n.jpg,https://scontent.cdninstagram.com/t51.2885-15/e15/17662308_212714585880816_8460254552782798848_n.jpg,https://scontent.cdninstagram.com/t51.2885-15/s320x320/e15/17662308_212714585880816_8460254552782798848_n.jpg,https://scontent.cdninstagram.com/t51.2885-15/s150x150/e15/17662308_212714585880816_8460254552782798848_n.jpg,winnie_the_frenchiepooh,"Winnie 👑",2016693539,https://scontent.cdninstagram.com/t51.2885-19/s150x150/14295518_324325427916143_1819492156_a.jpg
https://www.instagram.com/p/BR_4QEwj3t-/,1490309618,Mar 23 2017 17:53:38,3082,95,"Babies want their blankies 🍼#volumeup #tbt #nationalpuppyday","volumeup,tbt,nationalpuppyday",,,,,https://scontent.cdninstagram.com/t51.2885-15/e15/17439423_283745972030880_1765474284437766144_n.jpg,https://scontent.cdninstagram.com/t51.2885-15/e15/17439423_283745972030880_1765474284437766144_n.jpg,https://scontent.cdninstagram.com/t51.2885-15/s320x320/e15/17439423_283745972030880_1765474284437766144_n.jpg,https://scontent.cdninstagram.com/t51.2885-15/s150x150/e15/17439423_283745972030880_1765474284437766144_n.jpg,winnie_the_frenchiepooh,"Winnie 👑",2016693539,https://scontent.cdninstagram.com/t51.2885-19/s150x150/14295518_324325427916143_1819492156_a.jpg
https://www.instagram.com/p/BReWBrHDqzh/,1489184378,Mar 10 2017 16:19:38,3728,161,"Oh look, a bouncing potato 🥔#fbf","fbf",,,,,https://scontent.cdninstagram.com/t51.2885-15/e15/17126665_278529805891062_3394972386775269376_n.jpg,https://scontent.cdninstagram.com/t51.2885-15/e15/17126665_278529805891062_3394972386775269376_n.jpg,https://scontent.cdninstagram.com/t51.2885-15/s320x320/e15/17126665_278529805891062_3394972386775269376_n.jpg,https://scontent.cdninstagram.com/t51.2885-15/s150x150/e15/17126665_278529805891062_3394972386775269376_n.jpg,winnie_the_frenchiepooh,"Winnie 👑",2016693539,https://scontent.cdninstagram.com/t51.2885-19/s150x150/14295518_324325427916143_1819492156_a.jpg
https://www.instagram.com/p/BQwQEQGD8UA/,1487637749,Feb 20 2017 18:42:29,3036,34,"Spring weather, you may stay ☀️",,,,,,https://scontent.cdninstagram.com/t51.2885-15/e35/16583555_395845810793565_3373135901164044288_n.jpg,https://scontent.cdninstagram.com/t51.2885-15/s640x640/sh0.08/e35/16583555_395845810793565_3373135901164044288_n.jpg,https://scontent.cdninstagram.com/t51.2885-15/s320x320/e35/16583555_395845810793565_3373135901164044288_n.jpg,https://scontent.cdninstagram.com/t51.2885-15/s150x150/e35/16583555_395845810793565_3373135901164044288_n.jpg,winnie_the_frenchiepooh,"Winnie 👑",2016693539,https://scontent.cdninstagram.com/t51.2885-19/s150x150/14295518_324325427916143_1819492156_a.jpg
https://www.instagram.com/p/BQB4HOgDYtW/,1486081687,Feb 02 2017 18:28:07,3030,131,"After realizing jail life ain't the fab life #tbt","tbt",,,,,https://scontent.cdninstagram.com/t51.2885-15/e15/14736443_138181630026288_1350705912523784192_n.jpg,https://scontent.cdninstagram.com/t51.2885-15/s640x640/e15/14736443_138181630026288_1350705912523784192_n.jpg,https://scontent.cdninstagram.com/t51.2885-15/s320x320/e15/14736443_138181630026288_1350705912523784192_n.jpg,https://scontent.cdninstagram.com/t51.2885-15/s150x150/e15/14736443_138181630026288_1350705912523784192_n.jpg,winnie_the_frenchiepooh,"Winnie 👑",2016693539,https://scontent.cdninstagram.com/t51.2885-19/s150x150/14295518_324325427916143_1819492156_a.jpg
https://www.instagram.com/p/BPLve8qDsWe/,1484265223,Jan 12 2017 17:53:43,3864,180,"I really miss that stick... #tbt","tbt",,,,,https://scontent.cdninstagram.com/t51.2885-15/e15/15876452_1222799801121327_2077786546513117184_n.jpg,https://scontent.cdninstagram.com/t51.2885-15/e15/15876452_1222799801121327_2077786546513117184_n.jpg,https://scontent.cdninstagram.com/t51.2885-15/s320x320/e15/15876452_1222799801121327_2077786546513117184_n.jpg,https://scontent.cdninstagram.com/t51.2885-15/s150x150/e15/15876452_1222799801121327_2077786546513117184_n.jpg,winnie_the_frenchiepooh,"Winnie 👑",2016693539,https://scontent.cdninstagram.com/t51.2885-19/s150x150/14295518_324325427916143_1819492156_a.jpg
https://www.instagram.com/p/BOm2PKUjBK_/,1483027250,Dec 29 2016 10:00:50,2871,114,"When I was a warm 🐰and not a frozen one... #tbt","tbt",,,,,https://scontent.cdninstagram.com/t51.2885-15/e15/15624028_1789242951341729_7677459487065636864_n.jpg,https://scontent.cdninstagram.com/t51.2885-15/e15/15624028_1789242951341729_7677459487065636864_n.jpg,https://scontent.cdninstagram.com/t51.2885-15/s320x320/e15/15624028_1789242951341729_7677459487065636864_n.jpg,https://scontent.cdninstagram.com/t51.2885-15/s150x150/e15/15624028_1789242951341729_7677459487065636864_n.jpg,winnie_the_frenchiepooh,"Winnie 👑",2016693539,https://scontent.cdninstagram.com/t51.2885-19/s150x150/14295518_324325427916143_1819492156_a.jpg
https://www.instagram.com/p/BODjOw0D45v/,1481842880,Dec 15 2016 17:01:20,3322,165,"I was once a potato on the run 🥔#tbt","tbt",,,,,https://scontent.cdninstagram.com/t51.2885-15/e15/15535544_1483912904969470_4311371378126225408_n.jpg,https://scontent.cdninstagram.com/t51.2885-15/s640x640/e15/15535544_1483912904969470_4311371378126225408_n.jpg,https://scontent.cdninstagram.com/t51.2885-15/s320x320/e15/15535544_1483912904969470_4311371378126225408_n.jpg,https://scontent.cdninstagram.com/t51.2885-15/s150x150/e15/15535544_1483912904969470_4311371378126225408_n.jpg,winnie_the_frenchiepooh,"Winnie 👑",2016693539,https://scontent.cdninstagram.com/t51.2885-19/s150x150/14295518_324325427916143_1819492156_a.jpg
https://www.instagram.com/p/BNxw1n7DnC7/,1481246034,Dec 08 2016 19:13:54,3525,140,"Put all da cookies in my belly 🍪🍪🍪 #tbt","tbt",,,,,https://scontent.cdninstagram.com/t51.2885-15/e35/15253272_730661547087011_8601601282249064448_n.jpg,https://scontent.cdninstagram.com/t51.2885-15/s640x640/sh0.08/e35/15253272_730661547087011_8601601282249064448_n.jpg,https://scontent.cdninstagram.com/t51.2885-15/s320x320/e35/15253272_730661547087011_8601601282249064448_n.jpg,https://scontent.cdninstagram.com/t51.2885-15/s150x150/e35/15253272_730661547087011_8601601282249064448_n.jpg,winnie_the_frenchiepooh,"Winnie 👑",2016693539,https://scontent.cdninstagram.com/t51.2885-19/s150x150/14295518_324325427916143_1819492156_a.jpg
https://www.instagram.com/p/BNf08HTDdPM/,1480644205,Dec 01 2016 20:03:25,2932,47,"Just sunnin' my buns ☀️#tbt","tbt",,,,,https://scontent.cdninstagram.com/t51.2885-15/e35/15258645_408040476193653_7754147373676232704_n.jpg,https://scontent.cdninstagram.com/t51.2885-15/s640x640/sh0.08/e35/15258645_408040476193653_7754147373676232704_n.jpg,https://scontent.cdninstagram.com/t51.2885-15/s320x320/e35/15258645_408040476193653_7754147373676232704_n.jpg,https://scontent.cdninstagram.com/t51.2885-15/s150x150/e35/15258645_408040476193653_7754147373676232704_n.jpg,winnie_the_frenchiepooh,"Winnie 👑",2016693539,https://scontent.cdninstagram.com/t51.2885-19/s150x150/14295518_324325427916143_1819492156_a.jpg
https://www.instagram.com/p/BMFPpg1j_eh/,1477604755,Oct 27 2016 16:45:55,3967,199,"Fighting all the blankie monsters 👻 #tbt #volumeup","tbt,volumeup",,,,,https://scontent.cdninstagram.com/t51.2885-15/e15/14719349_548219412039123_8807408259578200064_n.jpg,https://scontent.cdninstagram.com/t51.2885-15/e15/14719349_548219412039123_8807408259578200064_n.jpg,https://scontent.cdninstagram.com/t51.2885-15/s320x320/e15/14719349_548219412039123_8807408259578200064_n.jpg,https://scontent.cdninstagram.com/t51.2885-15/s150x150/e15/14719349_548219412039123_8807408259578200064_n.jpg,winnie_the_frenchiepooh,"Winnie 👑",2016693539,https://scontent.cdninstagram.com/t51.2885-19/s150x150/14295518_324325427916143_1819492156_a.jpg
https://www.instagram.com/p/BLzdITwjZRq/,1477007843,Oct 20 2016 18:57:23,2632,136,"Vocal McNugget 🍖 #tbt #volumeup","tbt,volumeup",,,,,https://scontent.cdninstagram.com/t51.2885-15/e15/14726313_195427754229400_5792852232995078144_n.jpg,https://scontent.cdninstagram.com/t51.2885-15/e15/14726313_195427754229400_5792852232995078144_n.jpg,https://scontent.cdninstagram.com/t51.2885-15/s320x320/e15/14726313_195427754229400_5792852232995078144_n.jpg,https://scontent.cdninstagram.com/t51.2885-15/s150x150/e15/14726313_195427754229400_5792852232995078144_n.jpg,winnie_the_frenchiepooh,"Winnie 👑",2016693539,https://scontent.cdninstagram.com/t51.2885-19/s150x150/14295518_324325427916143_1819492156_a.jpg
https://www.instagram.com/p/BLPp92qDWVl/,1475806614,Oct 06 2016 21:16:54,3453,211,"Bouncing into the weekend #tbt","tbt",,,,,https://scontent.cdninstagram.com/t51.2885-15/e15/14488311_187205348385063_3836891974271500288_n.jpg,https://scontent.cdninstagram.com/t51.2885-15/e15/14488311_187205348385063_3836891974271500288_n.jpg,https://scontent.cdninstagram.com/t51.2885-15/s320x320/e15/14488311_187205348385063_3836891974271500288_n.jpg,https://scontent.cdninstagram.com/t51.2885-15/s150x150/e15/14488311_187205348385063_3836891974271500288_n.jpg,winnie_the_frenchiepooh,"Winnie 👑",2016693539,https://scontent.cdninstagram.com/t51.2885-19/s150x150/14295518_324325427916143_1819492156_a.jpg
https://www.instagram.com/p/BK9WF6tD1KM/,1475192214,Sep 29 2016 18:36:54,3267,100,"Winn-o-ween is coming 🎃 #tbt","tbt",,,,,https://scontent.cdninstagram.com/t51.2885-15/e35/14350561_348128682186519_1620581359388983296_n.jpg,https://scontent.cdninstagram.com/t51.2885-15/s640x640/sh0.08/e35/14350561_348128682186519_1620581359388983296_n.jpg,https://scontent.cdninstagram.com/t51.2885-15/s320x320/e35/14350561_348128682186519_1620581359388983296_n.jpg,https://scontent.cdninstagram.com/t51.2885-15/s150x150/e35/14350561_348128682186519_1620581359388983296_n.jpg,winnie_the_frenchiepooh,"Winnie 👑",2016693539,https://scontent.cdninstagram.com/t51.2885-19/s150x150/14295518_324325427916143_1819492156_a.jpg
https://www.instagram.com/p/BKrbc3lD7iM/,1474591044,Sep 22 2016 19:37:24,4816,224,"#tbt to being a potato with legs 🍠","tbt",,,,,https://scontent.cdninstagram.com/t51.2885-15/e15/14369086_1036133419817414_1377964532353204224_n.jpg,https://scontent.cdninstagram.com/t51.2885-15/s640x640/e15/14369086_1036133419817414_1377964532353204224_n.jpg,https://scontent.cdninstagram.com/t51.2885-15/s320x320/e15/14369086_1036133419817414_1377964532353204224_n.jpg,https://scontent.cdninstagram.com/t51.2885-15/s150x150/e15/14369086_1036133419817414_1377964532353204224_n.jpg,winnie_the_frenchiepooh,"Winnie 👑",2016693539,https://scontent.cdninstagram.com/t51.2885-19/s150x150/14295518_324325427916143_1819492156_a.jpg
https://www.instagram.com/p/BKb2IWoj27E/,1474068161,Sep 16 2016 18:22:41,6056,312,"Hurricane Winnie blowing into the weekend 🌬",,,,,,https://scontent.cdninstagram.com/t51.2885-15/e15/14309962_187719591651087_425421890_n.jpg,https://scontent.cdninstagram.com/t51.2885-15/e15/14309962_187719591651087_425421890_n.jpg,https://scontent.cdninstagram.com/t51.2885-15/s320x320/e15/14309962_187719591651087_425421890_n.jpg,https://scontent.cdninstagram.com/t51.2885-15/s150x150/e15/14309962_187719591651087_425421890_n.jpg,winnie_the_frenchiepooh,"Winnie 👑",2016693539,https://scontent.cdninstagram.com/t51.2885-19/s150x150/14295518_324325427916143_1819492156_a.jpg
https://www.instagram.com/p/BKHiUXPDKV1/,1473386685,Sep 08 2016 21:04:45,3442,412,"Introducing myself to Friday liiiike 😎 #tbt","tbt",,,,,https://scontent.cdninstagram.com/t51.2885-15/e15/14241014_659576334209383_897912326_n.jpg,https://scontent.cdninstagram.com/t51.2885-15/s640x640/e15/14241014_659576334209383_897912326_n.jpg,https://scontent.cdninstagram.com/t51.2885-15/s320x320/e15/14241014_659576334209383_897912326_n.jpg,https://scontent.cdninstagram.com/t51.2885-15/s150x150/e15/14241014_659576334209383_897912326_n.jpg,winnie_the_frenchiepooh,"Winnie 👑",2016693539,https://scontent.cdninstagram.com/t51.2885-19/s150x150/14295518_324325427916143_1819492156_a.jpg
https://www.instagram.com/p/BJ1z33_DMnj/,1472791909,Sep 01 2016 23:51:49,3666,226,"Curious little young bun 🐰#tbt","tbt",,,,,https://scontent.cdninstagram.com/t51.2885-15/e15/14134873_184645248624537_2009610886_n.jpg,https://scontent.cdninstagram.com/t51.2885-15/e15/p640x640/14134873_184645248624537_2009610886_n.jpg,https://scontent.cdninstagram.com/t51.2885-15/e15/p320x320/14134873_184645248624537_2009610886_n.jpg,https://scontent.cdninstagram.com/t51.2885-15/s150x150/e15/c0.89.720.720/14134873_184645248624537_2009610886_n.jpg,winnie_the_frenchiepooh,"Winnie 👑",2016693539,https://scontent.cdninstagram.com/t51.2885-19/s150x150/14295518_324325427916143_1819492156_a.jpg
https://www.instagram.com/p/BJjE_6pDsoX/,1472163353,Aug 25 2016 17:15:53,3840,279,"I'm the baby, gimme gimme 🎀 #tbt","tbt",,,,,https://scontent.cdninstagram.com/t51.2885-15/e15/14073302_1750495835204945_504812895_n.jpg,https://scontent.cdninstagram.com/t51.2885-15/s640x640/e15/14073302_1750495835204945_504812895_n.jpg,https://scontent.cdninstagram.com/t51.2885-15/s320x320/e15/14073302_1750495835204945_504812895_n.jpg,https://scontent.cdninstagram.com/t51.2885-15/s150x150/e15/14073302_1750495835204945_504812895_n.jpg,winnie_the_frenchiepooh,"Winnie 👑",2016693539,https://scontent.cdninstagram.com/t51.2885-19/s150x150/14295518_324325427916143_1819492156_a.jpg
https://www.instagram.com/p/BItJAIGA72u/,1470353513,Aug 04 2016 18:31:53,7235,878,"Widdle waddles all through town 🐾 #tbt","tbt",,,,,https://scontent.cdninstagram.com/t51.2885-15/e15/13712579_1583896765243564_370646622_n.jpg,https://scontent.cdninstagram.com/t51.2885-15/s640x640/e15/13712579_1583896765243564_370646622_n.jpg,https://scontent.cdninstagram.com/t51.2885-15/s320x320/e15/13712579_1583896765243564_370646622_n.jpg,https://scontent.cdninstagram.com/t51.2885-15/s150x150/e15/13712579_1583896765243564_370646622_n.jpg,winnie_the_frenchiepooh,"Winnie 👑",2016693539,https://scontent.cdninstagram.com/t51.2885-19/s150x150/14295518_324325427916143_1819492156_a.jpg
https://www.instagram.com/p/BIoBh_Vj3iG/,1470181824,Aug 02 2016 18:50:24,5101,673,"If I was you, I'd wanna be me too 💁",,,,,,https://scontent.cdninstagram.com/t51.2885-15/e15/13774303_1766434596912823_1160126047_n.jpg,https://scontent.cdninstagram.com/t51.2885-15/e15/13774303_1766434596912823_1160126047_n.jpg,https://scontent.cdninstagram.com/t51.2885-15/s320x320/e15/13774303_1766434596912823_1160126047_n.jpg,https://scontent.cdninstagram.com/t51.2885-15/s150x150/e15/13774303_1766434596912823_1160126047_n.jpg,winnie_the_frenchiepooh,"Winnie 👑",2016693539,https://scontent.cdninstagram.com/t51.2885-19/s150x150/14295518_324325427916143_1819492156_a.jpg
https://www.instagram.com/p/BIBA0y5DXsl/,1468872831,Jul 18 2016 15:13:51,7922,372,"Cuddle puddle all day for mamas bday 🎈",,,,,,https://scontent.cdninstagram.com/t51.2885-15/e35/13741450_283991061960944_2001959082_n.jpg,https://scontent.cdninstagram.com/t51.2885-15/s640x640/sh0.08/e35/13741450_283991061960944_2001959082_n.jpg,https://scontent.cdninstagram.com/t51.2885-15/s320x320/e35/13741450_283991061960944_2001959082_n.jpg,https://scontent.cdninstagram.com/t51.2885-15/s150x150/e35/13741450_283991061960944_2001959082_n.jpg,winnie_the_frenchiepooh,"Winnie 👑",2016693539,https://scontent.cdninstagram.com/t51.2885-19/s150x150/14295518_324325427916143_1819492156_a.jpg
https://www.instagram.com/p/BH3KD3cD2MW/,1468542129,Jul 14 2016 19:22:09,3358,328,"#tbt to always being up to no good 😏","tbt",,,,,https://scontent.cdninstagram.com/t51.2885-15/e15/13694548_1170392926316822_1932684943_n.jpg,https://scontent.cdninstagram.com/t51.2885-15/s640x640/e15/13694548_1170392926316822_1932684943_n.jpg,https://scontent.cdninstagram.com/t51.2885-15/s320x320/e15/13694548_1170392926316822_1932684943_n.jpg,https://scontent.cdninstagram.com/t51.2885-15/s150x150/e15/13694548_1170392926316822_1932684943_n.jpg,winnie_the_frenchiepooh,"Winnie 👑",2016693539,https://scontent.cdninstagram.com/t51.2885-19/s150x150/14295518_324325427916143_1819492156_a.jpg
https://www.instagram.com/p/BGfD9d4t1J5/,1465586140,Jun 10 2016 14:15:40,2655,95,"Fact: I'm cute and it's Friday #TGIF 🙌","tgif",,,,,https://scontent.cdninstagram.com/t51.2885-15/e35/13298008_100993410328722_1509753126_n.jpg,https://scontent.cdninstagram.com/t51.2885-15/s640x640/sh0.08/e35/13298008_100993410328722_1509753126_n.jpg,https://scontent.cdninstagram.com/t51.2885-15/s320x320/e35/13298008_100993410328722_1509753126_n.jpg,https://scontent.cdninstagram.com/t51.2885-15/s150x150/e35/13298008_100993410328722_1509753126_n.jpg,winnie_the_frenchiepooh,"Winnie 👑",2016693539,https://scontent.cdninstagram.com/t51.2885-19/s150x150/14295518_324325427916143_1819492156_a.jpg
https://www.instagram.com/p/BFUzzzhN1LZ/,1463094645,May 12 2016 18:10:45,3912,457,"I didn't always love ball #tbt","tbt",,,,,https://scontent.cdninstagram.com/t51.2885-15/e15/13166722_216969608688690_1168189738_n.jpg,https://scontent.cdninstagram.com/t51.2885-15/e15/13166722_216969608688690_1168189738_n.jpg,https://scontent.cdninstagram.com/t51.2885-15/e15/p320x320/13166722_216969608688690_1168189738_n.jpg,https://scontent.cdninstagram.com/t51.2885-15/s150x150/e15/c0.79.640.640/13166722_216969608688690_1168189738_n.jpg,winnie_the_frenchiepooh,"Winnie 👑",2016693539,https://scontent.cdninstagram.com/t51.2885-19/s150x150/14295518_324325427916143_1819492156_a.jpg
https://www.instagram.com/p/BE7JPTDt1Gg/,1462233465,May 02 2016 18:57:45,4291,885,"How I feel when the sun comes out ☀️ #blessed","blessed",,,,,https://scontent.cdninstagram.com/t51.2885-15/e15/13129180_508903025962806_2080743594_n.jpg,https://scontent.cdninstagram.com/t51.2885-15/e15/13129180_508903025962806_2080743594_n.jpg,https://scontent.cdninstagram.com/t51.2885-15/s320x320/e15/13129180_508903025962806_2080743594_n.jpg,https://scontent.cdninstagram.com/t51.2885-15/s150x150/e15/13129180_508903025962806_2080743594_n.jpg,winnie_the_frenchiepooh,"Winnie 👑",2016693539,https://scontent.cdninstagram.com/t51.2885-19/s150x150/14295518_324325427916143_1819492156_a.jpg
https://www.instagram.com/p/BEe5DuKN1GK/,1461285457,Apr 21 2016 19:37:37,5494,801,"Big noggin = tiny handstands #tbt","tbt",,,,,https://scontent.cdninstagram.com/t51.2885-15/e15/12935072_523769484473226_903256331_n.jpg,https://scontent.cdninstagram.com/t51.2885-15/e15/12935072_523769484473226_903256331_n.jpg,https://scontent.cdninstagram.com/t51.2885-15/s320x320/e15/12935072_523769484473226_903256331_n.jpg,https://scontent.cdninstagram.com/t51.2885-15/s150x150/e15/12935072_523769484473226_903256331_n.jpg,winnie_the_frenchiepooh,"Winnie 👑",2016693539,https://scontent.cdninstagram.com/t51.2885-19/s150x150/14295518_324325427916143_1819492156_a.jpg
https://www.instagram.com/p/BEMkdDkN1K3/,1460670675,Apr 14 2016 16:51:15,6031,986,"My rap star name would be Lil' Jumpin' Bean 🍛#tbt","tbt",,,,,https://scontent.cdninstagram.com/t51.2885-15/e15/12080422_254630528216205_1723306536_n.jpg,https://scontent.cdninstagram.com/t51.2885-15/e15/12080422_254630528216205_1723306536_n.jpg,https://scontent.cdninstagram.com/t51.2885-15/s320x320/e15/12080422_254630528216205_1723306536_n.jpg,https://scontent.cdninstagram.com/t51.2885-15/s150x150/e15/12080422_254630528216205_1723306536_n.jpg,winnie_the_frenchiepooh,"Winnie 👑",2016693539,https://scontent.cdninstagram.com/t51.2885-19/s150x150/14295518_324325427916143_1819492156_a.jpg
https://www.instagram.com/p/BD1xljgt1BR/,1459905808,Apr 05 2016 20:23:28,4385,1039,"Mood 😶",,,,,,https://scontent.cdninstagram.com/t51.2885-15/e15/12519429_1676991322551146_653342056_n.jpg,https://scontent.cdninstagram.com/t51.2885-15/e15/12519429_1676991322551146_653342056_n.jpg,https://scontent.cdninstagram.com/t51.2885-15/s320x320/e15/12519429_1676991322551146_653342056_n.jpg,https://scontent.cdninstagram.com/t51.2885-15/s150x150/e15/12519429_1676991322551146_653342056_n.jpg,winnie_the_frenchiepooh,"Winnie 👑",2016693539,https://scontent.cdninstagram.com/t51.2885-19/s150x150/14295518_324325427916143_1819492156_a.jpg
https://www.instagram.com/p/BDWrj4Ft1A3/,1458862461,Mar 24 2016 18:34:21,7336,1419,"I love stick. Stick is life #tbt","tbt",,,,,https://scontent.cdninstagram.com/t51.2885-15/e15/12446267_542093045973459_990441590_n.jpg,https://scontent.cdninstagram.com/t51.2885-15/e15/12446267_542093045973459_990441590_n.jpg,https://scontent.cdninstagram.com/t51.2885-15/s320x320/e15/12446267_542093045973459_990441590_n.jpg,https://scontent.cdninstagram.com/t51.2885-15/s150x150/e15/12446267_542093045973459_990441590_n.jpg,winnie_the_frenchiepooh,"Winnie 👑",2016693539,https://scontent.cdninstagram.com/t51.2885-19/s150x150/14295518_324325427916143_1819492156_a.jpg
https://www.instagram.com/p/BBJOVIpt1MB/,1454115961,Jan 29 2016 19:06:01,2940,77,"It's Friday night, time to order @postmates 🍕🍟🌮🌭🍗😍 #givemeallthethings","givemeallthethings",,,,,https://scontent.cdninstagram.com/t51.2885-15/e35/12530738_1548917982092004_1019583294_n.jpg,https://scontent.cdninstagram.com/t51.2885-15/s640x640/sh0.08/e35/12530738_1548917982092004_1019583294_n.jpg,https://scontent.cdninstagram.com/t51.2885-15/s320x320/e35/12530738_1548917982092004_1019583294_n.jpg,https://scontent.cdninstagram.com/t51.2885-15/s150x150/e35/12530738_1548917982092004_1019583294_n.jpg,winnie_the_frenchiepooh,"Winnie 👑",2016693539,https://scontent.cdninstagram.com/t51.2885-19/s150x150/14295518_324325427916143_1819492156_a.jpg
https://www.instagram.com/p/BAiZz19N1P2/,1452813357,Jan 14 2016 17:15:57,5069,402,"That moment you realize you're your mommas daughter 😴 #cuddlebuddies4lyfe #tbt","cuddlebuddies4lyfe,tbt",,,,,https://scontent.cdninstagram.com/t51.2885-15/e35/12547560_1210391528974202_1342986113_n.jpg,https://scontent.cdninstagram.com/t51.2885-15/s640x640/sh0.08/e35/12547560_1210391528974202_1342986113_n.jpg,https://scontent.cdninstagram.com/t51.2885-15/s320x320/e35/12547560_1210391528974202_1342986113_n.jpg,https://scontent.cdninstagram.com/t51.2885-15/s150x150/e35/12547560_1210391528974202_1342986113_n.jpg,winnie_the_frenchiepooh,"Winnie 👑",2016693539,https://scontent.cdninstagram.com/t51.2885-19/s150x150/14295518_324325427916143_1819492156_a.jpg
https://www.instagram.com/p/_IZzBot1J-/,1449793452,Dec 10 2015 18:24:12,4263,484,"Tickle-me-Winnie #tbt","tbt",,,,,https://scontent.cdninstagram.com/t51.2885-15/e15/12331511_853952514724489_2110000418_n.jpg,https://scontent.cdninstagram.com/t51.2885-15/e15/12331511_853952514724489_2110000418_n.jpg,https://scontent.cdninstagram.com/t51.2885-15/s320x320/e15/12331511_853952514724489_2110000418_n.jpg,https://scontent.cdninstagram.com/t51.2885-15/s150x150/e15/12331511_853952514724489_2110000418_n.jpg,winnie_the_frenchiepooh,"Winnie 👑",2016693539,https://scontent.cdninstagram.com/t51.2885-19/s150x150/14295518_324325427916143_1819492156_a.jpg
https://www.instagram.com/p/-SAPTKt1Bd/,1447968112,Nov 19 2015 15:21:52,3215,514,"4 lbs of peanut curiosity 👀 #tbt","tbt",,,,,https://scontent.cdninstagram.com/t51.2885-15/e15/12256589_845391898911661_1627747997_n.jpg,https://scontent.cdninstagram.com/t51.2885-15/e15/12256589_845391898911661_1627747997_n.jpg,https://scontent.cdninstagram.com/t51.2885-15/s320x320/e15/12256589_845391898911661_1627747997_n.jpg,https://scontent.cdninstagram.com/t51.2885-15/s150x150/e15/12256589_845391898911661_1627747997_n.jpg,winnie_the_frenchiepooh,"Winnie 👑",2016693539,https://scontent.cdninstagram.com/t51.2885-19/s150x150/14295518_324325427916143_1819492156_a.jpg
https://www.instagram.com/p/9MPt6zN1E1/,1445627417,Oct 23 2015 14:10:17,2747,630,"When my parents weren't sure if I was a puppy or a bunny 🐰🐰 #fbf","fbf",,,,,https://scontent.cdninstagram.com/t51.2885-15/e15/12093765_1496898737304162_1683173032_n.jpg,https://scontent.cdninstagram.com/t51.2885-15/e15/12093765_1496898737304162_1683173032_n.jpg,https://scontent.cdninstagram.com/t51.2885-15/s320x320/e15/12093765_1496898737304162_1683173032_n.jpg,https://scontent.cdninstagram.com/t51.2885-15/s150x150/e15/12093765_1496898737304162_1683173032_n.jpg,winnie_the_frenchiepooh,"Winnie 👑",2016693539,https://scontent.cdninstagram.com/t51.2885-19/s150x150/14295518_324325427916143_1819492156_a.jpg
https://www.instagram.com/p/5vZ-hPN1C-/,1438217267,Jul 29 2015 19:47:47,559,154,"Here's me, asleep on a giant blueberry 😴",,,,,,https://scontent.cdninstagram.com/t51.2885-15/e35/11820504_1641570529446687_679273482_n.jpg,https://scontent.cdninstagram.com/t51.2885-15/s640x640/sh0.08/e35/11820504_1641570529446687_679273482_n.jpg,https://scontent.cdninstagram.com/t51.2885-15/s320x320/e35/11820504_1641570529446687_679273482_n.jpg,https://scontent.cdninstagram.com/t51.2885-15/s150x150/e35/11820504_1641570529446687_679273482_n.jpg,winnie_the_frenchiepooh,"Winnie 👑",2016693539,https://scontent.cdninstagram.com/t51.2885-19/s150x150/14295518_324325427916143_1819492156_a.jpg
https://www.instagram.com/p/5vHLbft1D9/,1438207411,Jul 29 2015 17:03:31,521,93,"I'm just a girl looking for some sun ☀️👙",,,,,,https://scontent.cdninstagram.com/t51.2885-15/e35/11296726_832168020172156_1951765609_n.jpg,https://scontent.cdninstagram.com/t51.2885-15/s640x640/sh0.08/e35/11296726_832168020172156_1951765609_n.jpg,https://scontent.cdninstagram.com/t51.2885-15/s320x320/e35/11296726_832168020172156_1951765609_n.jpg,https://scontent.cdninstagram.com/t51.2885-15/s150x150/e35/11296726_832168020172156_1951765609_n.jpg,winnie_the_frenchiepooh,"Winnie 👑",2016693539,https://scontent.cdninstagram.com/t51.2885-19/s150x150/14295518_324325427916143_1819492156_a.jpg
https://www.instagram.com/p/5svy6Rt1PR/,1438128043,Jul 28 2015 19:00:43,157,6,"😴🍗🍗",,,,,,https://scontent.cdninstagram.com/t51.2885-15/e35/11311306_1658440517726504_1806471889_n.jpg,https://scontent.cdninstagram.com/t51.2885-15/s640x640/sh0.08/e35/11311306_1658440517726504_1806471889_n.jpg,https://scontent.cdninstagram.com/t51.2885-15/s320x320/e35/11311306_1658440517726504_1806471889_n.jpg,https://scontent.cdninstagram.com/t51.2885-15/s150x150/e35/11311306_1658440517726504_1806471889_n.jpg,winnie_the_frenchiepooh,"Winnie 👑",2016693539,https://scontent.cdninstagram.com/t51.2885-19/s150x150/14295518_324325427916143_1819492156_a.jpg
https://www.instagram.com/p/5slprMN1Oj/,1438122724,Jul 28 2015 17:32:04,203,7,"That's me! 🎈#bdaygirl","bdaygirl",,,,,https://scontent.cdninstagram.com/t51.2885-15/e35/11311563_824756644312507_979590339_n.jpg,https://scontent.cdninstagram.com/t51.2885-15/s640x640/sh0.08/e35/11311563_824756644312507_979590339_n.jpg,https://scontent.cdninstagram.com/t51.2885-15/s320x320/e35/11311563_824756644312507_979590339_n.jpg,https://scontent.cdninstagram.com/t51.2885-15/s150x150/e35/11311563_824756644312507_979590339_n.jpg,winnie_the_frenchiepooh,"Winnie 👑",2016693539,https://scontent.cdninstagram.com/t51.2885-19/s150x150/14295518_324325427916143_1819492156_a.jpg
https://www.instagram.com/p/5rpHvKN1Ok/,1438090989,Jul 28 2015 08:43:09,257,22,"I'm 7 weeks old today! 🎉 thinking I definitely need to go grab another doggie cone from @conechicago 🍦",,236513680,"Cone Gourmet Ice Cream",41.8815151,-87.6540181,https://scontent.cdninstagram.com/t51.2885-15/e35/10948714_1706987079531705_397743864_n.jpg,https://scontent.cdninstagram.com/t51.2885-15/s640x640/sh0.08/e35/10948714_1706987079531705_397743864_n.jpg,https://scontent.cdninstagram.com/t51.2885-15/s320x320/e35/10948714_1706987079531705_397743864_n.jpg,https://scontent.cdninstagram.com/t51.2885-15/s150x150/e35/10948714_1706987079531705_397743864_n.jpg,winnie_the_frenchiepooh,"Winnie 👑",2016693539,https://scontent.cdninstagram.com/t51.2885-19/s150x150/14295518_324325427916143_1819492156_a.jpg
https://www.instagram.com/p/5qjGQDN1IP/,1438054277,Jul 27 2015 22:31:17,264,27,"Is it possible to have two spirit animals? 🐸🐰",,,,,,https://scontent.cdninstagram.com/t51.2885-15/e15/11356911_723094417813273_1372556839_n.jpg,https://scontent.cdninstagram.com/t51.2885-15/e15/11356911_723094417813273_1372556839_n.jpg,https://scontent.cdninstagram.com/t51.2885-15/s320x320/e15/11356911_723094417813273_1372556839_n.jpg,https://scontent.cdninstagram.com/t51.2885-15/s150x150/e15/11356911_723094417813273_1372556839_n.jpg,winnie_the_frenchiepooh,"Winnie 👑",2016693539,https://scontent.cdninstagram.com/t51.2885-19/s150x150/14295518_324325427916143_1819492156_a.jpg
https://www.instagram.com/p/5pDgYct1OU/,1438004159,Jul 27 2015 08:35:59,226,18,"BUT MOM, princesses don't have Monday's!! 👿 [🔊 👍🏻]",,,,,,https://scontent.cdninstagram.com/t51.2885-15/e15/11809639_482217488626548_1539000649_n.jpg,https://scontent.cdninstagram.com/t51.2885-15/e15/11809639_482217488626548_1539000649_n.jpg,https://scontent.cdninstagram.com/t51.2885-15/s320x320/e15/11809639_482217488626548_1539000649_n.jpg,https://scontent.cdninstagram.com/t51.2885-15/s150x150/e15/11809639_482217488626548_1539000649_n.jpg,winnie_the_frenchiepooh,"Winnie 👑",2016693539,https://scontent.cdninstagram.com/t51.2885-19/s150x150/14295518_324325427916143_1819492156_a.jpg
https://www.instagram.com/p/5nsGlkN1G4/,1437958335,Jul 26 2015 19:52:15,335,20,"Sunday's are for snoozing 😴",,,,,,https://scontent.cdninstagram.com/t51.2885-15/e35/11355105_1631878617096780_1642110741_n.jpg,https://scontent.cdninstagram.com/t51.2885-15/s640x640/sh0.08/e35/11355105_1631878617096780_1642110741_n.jpg,https://scontent.cdninstagram.com/t51.2885-15/s320x320/e35/11355105_1631878617096780_1642110741_n.jpg,https://scontent.cdninstagram.com/t51.2885-15/s150x150/e35/11355105_1631878617096780_1642110741_n.jpg,winnie_the_frenchiepooh,"Winnie 👑",2016693539,https://scontent.cdninstagram.com/t51.2885-19/s150x150/14295518_324325427916143_1819492156_a.jpg
https://www.instagram.com/p/5nJZV8t1IN/,1437940138,Jul 26 2015 14:48:58,220,19,"When your turkey leg can't quite reach your ears yet 🍗 #struggles","struggles",,,,,https://scontent.cdninstagram.com/t51.2885-15/e15/11356899_1742425569317912_2132188250_n.jpg,https://scontent.cdninstagram.com/t51.2885-15/e15/11356899_1742425569317912_2132188250_n.jpg,https://scontent.cdninstagram.com/t51.2885-15/s320x320/e15/11356899_1742425569317912_2132188250_n.jpg,https://scontent.cdninstagram.com/t51.2885-15/s150x150/e15/11356899_1742425569317912_2132188250_n.jpg,winnie_the_frenchiepooh,"Winnie 👑",2016693539,https://scontent.cdninstagram.com/t51.2885-19/s150x150/14295518_324325427916143_1819492156_a.jpg
https://www.instagram.com/p/5nHhzzN1CG/,1437939159,Jul 26 2015 14:32:39,215,7,"I've found that if you curl up extra nugget-like, you get a crown 👑 #princesslife","princesslife",,,,,https://scontent.cdninstagram.com/t51.2885-15/e35/1389132_797328317051883_1215287475_n.jpg,https://scontent.cdninstagram.com/t51.2885-15/e35/1389132_797328317051883_1215287475_n.jpg,https://scontent.cdninstagram.com/t51.2885-15/s320x320/e35/1389132_797328317051883_1215287475_n.jpg,https://scontent.cdninstagram.com/t51.2885-15/s150x150/e35/1389132_797328317051883_1215287475_n.jpg,winnie_the_frenchiepooh,"Winnie 👑",2016693539,https://scontent.cdninstagram.com/t51.2885-19/s150x150/14295518_324325427916143_1819492156_a.jpg
https://www.instagram.com/p/5nF69gt1Lp/,1437938316,Jul 26 2015 14:18:36,397,23,"On my way to my forever home. I was the most sleepy nugget my parents have ever seen. 🐾",,,,,,https://scontent.cdninstagram.com/t51.2885-15/e35/11378534_445827898934049_211325250_n.jpg,https://scontent.cdninstagram.com/t51.2885-15/s640x640/sh0.08/e35/11378534_445827898934049_211325250_n.jpg,https://scontent.cdninstagram.com/t51.2885-15/s320x320/e35/11378534_445827898934049_211325250_n.jpg,https://scontent.cdninstagram.com/t51.2885-15/s150x150/e35/11378534_445827898934049_211325250_n.jpg,winnie_the_frenchiepooh,"Winnie 👑",2016693539,https://scontent.cdninstagram.com/t51.2885-19/s150x150/14295518_324325427916143_1819492156_a.jpg
